,SERIA_1,SERIA_2,SERIA_3,SERIA_4,SERIA_5
10000,3.128,3.1492,3.1128,3.1648,3.1412
100000,3.13996,3.1404,3.14432,3.14188,3.14104
1000000,3.141256,3.14126,3.141328,3.140844,3.140708
10000000,3.1428568,3.1416152,3.141892,3.1412804,3.1414788
100000000,3.14182456,3.14149808,3.14162436,3.1416782,3.14168692
