,SERIA_1,SERIA_2,SERIA_3,SERIA_4,SERIA_5
10000,3.1076,3.1352,3.1376,3.1476,3.1396
100000,3.14592,3.14152,3.14132,3.13592,3.13032
1000000,3.141508,3.143296,3.141956,3.140272,3.143748
10000000,3.1421404,3.1424524,3.142016,3.1411276,3.1417624
100000000,3.14147228,3.1416334,3.14141368,3.1415822,3.14190692
