,SERIA_1,SERIA_2,SERIA_3,SERIA_4,SERIA_5
10000,5.772,5.967,6.042,6.012,6.051
100000,6.0318,5.9919,5.9583,5.9193,6.069
1000000,6.01128,6.01665,6.01014,6.01488,6.00006
10000000,5.997564,5.998692,5.994957,5.995437,6.001875
