,SERIA_1,SERIA_2,SERIA_3,SERIA_4
10000,6.0804,6.0264,6.0462,6.0156
100000,5.99562,6.00696,5.98302,5.94918
1000000,5.991966,5.991228,6.01632,5.997402
10000000,5.9992632,5.999742,6.0002676,5.9987916
