,SERIA_1,SERIA_2,SERIA_3,SERIA_4,SERIA_5
10000,5.946,6.016,5.968,5.812,5.852
100000,5.9934,5.974,5.9658,5.9258,6.0154
1000000,6.01172,5.9899,6.01078,5.99182,5.99148
10000000,5.998252,6.002152,5.995488,5.996378,6.002566
