,SERIA_1,SERIA_2,SERIA_3,SERIA_4
10000,6.129,5.922,6.054,6.027
100000,6.0351,5.9847,6.027,6.0231
1000000,5.99424,6.00099,5.99874,5.97783
10000000,5.995413,6.006585,5.993595,5.994237
